{
  "variant1": {
    "llama3_8b": {
      "samples": 15,
      "bleu": {
        "avg": 0.0,
        "min": 0.0,
        "max": 0.0
      },
      "rouge1": {
        "avg": 0.20888017211546622,
        "min": 0.0,
        "max": 0.4615384615384615
      },
      "rougeL": {
        "avg": 0.18529629411982354,
        "min": 0.0,
        "max": 0.4615384615384615
      },
      "meteor": {
        "avg": 0.10966533466533467,
        "min": 0.0,
        "max": 0.3076923076923077
      }
    },
    "mistral_7b_instruct": {
      "samples": 15,
      "bleu": {
        "avg": 0.0,
        "min": 0.0,
        "max": 0.0
      },
      "rouge1": {
        "avg": 0.1581753781134586,
        "min": 0.0,
        "max": 0.42857142857142855
      },
      "rougeL": {
        "avg": 0.14352336346144395,
        "min": 0.0,
        "max": 0.42857142857142855
      },
      "meteor": {
        "avg": 0.10903947903947904,
        "min": 0.0,
        "max": 0.4000000000000001
      }
    },
    "codeqwen_7b_chat": {
      "samples": 15,
      "bleu": {
        "avg": 0.0,
        "min": 0.0,
        "max": 0.0
      },
      "rouge1": {
        "avg": 0.14582844617829138,
        "min": 0.0,
        "max": 0.3157894736842105
      },
      "rougeL": {
        "avg": 0.12797130332114853,
        "min": 0.0,
        "max": 0.3157894736842105
      },
      "meteor": {
        "avg": 0.09115524997877938,
        "min": 0.0,
        "max": 0.3636363636363636
      }
    },
    "llama3_70b_instruct": {
      "samples": 15,
      "bleu": {
        "avg": 0.0,
        "min": 0.0,
        "max": 0.0
      },
      "rouge1": {
        "avg": 0.2570016584722467,
        "min": 0.1111111111111111,
        "max": 0.5555555555555556
      },
      "rougeL": {
        "avg": 0.2082142802731038,
        "min": 0.07142857142857142,
        "max": 0.5555555555555556
      },
      "meteor": {
        "avg": 0.12895400895400894,
        "min": 0.0,
        "max": 0.4615384615384615
      }
    }
  },
  "variant2": {
    "llama3_8b": {
      "samples": 15,
      "bleu": {
        "avg": 0.0,
        "min": 0.0,
        "max": 0.0
      },
      "rouge1": {
        "avg": 0.1575551698616714,
        "min": 0.0,
        "max": 0.4444444444444444
      },
      "rougeL": {
        "avg": 0.1300520686743597,
        "min": 0.0,
        "max": 0.39999999999999997
      },
      "meteor": {
        "avg": 0.1009807890767643,
        "min": 0.0,
        "max": 0.3076923076923077
      }
    },
    "mistral_7b_instruct": {
      "samples": 15,
      "bleu": {
        "avg": 0.0,
        "min": 0.0,
        "max": 0.0
      },
      "rouge1": {
        "avg": 0.05345137137406326,
        "min": 0.0,
        "max": 0.25806451612903225
      },
      "rougeL": {
        "avg": 0.049150296105246044,
        "min": 0.0,
        "max": 0.19354838709677416
      },
      "meteor": {
        "avg": 0.04126817626817627,
        "min": 0.0,
        "max": 0.14285714285714285
      }
    },
    "codeqwen_7b_chat": {
      "samples": 15,
      "bleu": {
        "avg": 0.0,
        "min": 0.0,
        "max": 0.0
      },
      "rouge1": {
        "avg": 0.07424403097331558,
        "min": 0.0,
        "max": 0.27586206896551724
      },
      "rougeL": {
        "avg": 0.06968414641343103,
        "min": 0.0,
        "max": 0.27586206896551724
      },
      "meteor": {
        "avg": 0.07062519472748027,
        "min": 0.0,
        "max": 0.15384615384615385
      }
    },
    "llama3_70b_instruct": {
      "samples": 15,
      "bleu": {
        "avg": 0.0,
        "min": 0.0,
        "max": 0.0
      },
      "rouge1": {
        "avg": 0.1617649367030172,
        "min": 0.0,
        "max": 0.4
      },
      "rougeL": {
        "avg": 0.13439651565038563,
        "min": 0.0,
        "max": 0.3
      },
      "meteor": {
        "avg": 0.07084896584896584,
        "min": 0.0,
        "max": 0.37499999999999994
      }
    }
  },
  "variant3": {
    "llama3_8b": {
      "samples": 15,
      "bleu": {
        "avg": 0.0,
        "min": 0.0,
        "max": 0.0
      },
      "rouge1": {
        "avg": 0.21877063825980236,
        "min": 0.0,
        "max": 0.5333333333333333
      },
      "rougeL": {
        "avg": 0.20457829465569405,
        "min": 0.0,
        "max": 0.5333333333333333
      },
      "meteor": {
        "avg": 0.1555089355089355,
        "min": 0.0,
        "max": 0.375
      }
    },
    "mistral_7b_instruct": {
      "samples": 15,
      "bleu": {
        "avg": 0.0,
        "min": 0.0,
        "max": 0.0
      },
      "rouge1": {
        "avg": 0.15432292336533102,
        "min": 0.0,
        "max": 0.39999999999999997
      },
      "rougeL": {
        "avg": 0.13654514558755323,
        "min": 0.0,
        "max": 0.3333333333333333
      },
      "meteor": {
        "avg": 0.07412133274362377,
        "min": 0.0,
        "max": 0.25
      }
    },
    "codeqwen_7b_chat": {
      "samples": 15,
      "bleu": {
        "avg": 0.0,
        "min": 0.0,
        "max": 0.0
      },
      "rouge1": {
        "avg": 0.08197734536227828,
        "min": 0.0,
        "max": 0.30769230769230765
      },
      "rougeL": {
        "avg": 0.07212886051379344,
        "min": 0.0,
        "max": 0.30769230769230765
      },
      "meteor": {
        "avg": 0.046187730199037234,
        "min": 0.0,
        "max": 0.1818181818181818
      }
    },
    "llama3_70b_instruct": {
      "samples": 15,
      "bleu": {
        "avg": 0.0,
        "min": 0.0,
        "max": 0.0
      },
      "rouge1": {
        "avg": 0.1790431987078014,
        "min": 0.0,
        "max": 0.4166666666666667
      },
      "rougeL": {
        "avg": 0.16775572075365677,
        "min": 0.0,
        "max": 0.4166666666666667
      },
      "meteor": {
        "avg": 0.1039890538311591,
        "min": 0.0,
        "max": 0.39999999999999997
      }
    }
  }
}