{
  "variant1_fewshot": {
    "bleu1": {
      "min": 0,
      "max": 1.0,
      "avg": 0.07605674682228421,
      "count": 200
    },
    "rouge1": {
      "min": 0.0,
      "max": 1.0,
      "avg": 0.24284748790139993,
      "count": 200
    },
    "rougeL": {
      "min": 0.0,
      "max": 1.0,
      "avg": 0.2065749379656511,
      "count": 200
    },
    "meteor": {
      "min": 0.0,
      "max": 1.0,
      "avg": 0.1682348690232201,
      "count": 200
    }
  },
  "variant1_oneshot": {
    "bleu1": {
      "min": 0,
      "max": 0.8668778997501817,
      "avg": 0.06077739724295867,
      "count": 200
    },
    "rouge1": {
      "min": 0.0,
      "max": 0.9333333333333333,
      "avg": 0.23337855463348742,
      "count": 200
    },
    "rougeL": {
      "min": 0.0,
      "max": 0.9333333333333333,
      "avg": 0.2048841413711765,
      "count": 200
    },
    "meteor": {
      "min": 0.0,
      "max": 0.9333333333333333,
      "avg": 0.1539380021854724,
      "count": 200
    }
  },
  "variant1_zeroshot": {
    "bleu1": {
      "min": 0,
      "max": 0.46291004988627577,
      "avg": 0.04645081249699185,
      "count": 200
    },
    "rouge1": {
      "min": 0.0,
      "max": 0.7999999999999999,
      "avg": 0.2070143555414113,
      "count": 200
    },
    "rougeL": {
      "min": 0.0,
      "max": 0.6666666666666666,
      "avg": 0.17859688356011616,
      "count": 200
    },
    "meteor": {
      "min": 0.0,
      "max": 0.6153846153846154,
      "avg": 0.1291621976133971,
      "count": 200
    }
  },
  "variant2_fewshot": {
    "bleu1": {
      "min": 0,
      "max": 1.0,
      "avg": 0.08392574205091398,
      "count": 200
    },
    "rouge1": {
      "min": 0.0,
      "max": 1.0,
      "avg": 0.26030263866668063,
      "count": 200
    },
    "rougeL": {
      "min": 0.0,
      "max": 1.0,
      "avg": 0.2321895583956681,
      "count": 200
    },
    "meteor": {
      "min": 0.0,
      "max": 1.0,
      "avg": 0.1845480023985855,
      "count": 200
    }
  },
  "variant2_oneshot": {
    "bleu1": {
      "min": 0,
      "max": 0.6834448173540699,
      "avg": 0.05978218570374571,
      "count": 200
    },
    "rouge1": {
      "min": 0.0,
      "max": 0.8571428571428571,
      "avg": 0.23225494958220438,
      "count": 200
    },
    "rougeL": {
      "min": 0.0,
      "max": 0.8571428571428571,
      "avg": 0.20328344893208933,
      "count": 200
    },
    "meteor": {
      "min": 0.0,
      "max": 0.7692307692307693,
      "avg": 0.156114363179907,
      "count": 200
    }
  },
  "variant2_zeroshot": {
    "bleu1": {
      "min": 0,
      "max": 0.5270462766947299,
      "avg": 0.0355137023779649,
      "count": 200
    },
    "rouge1": {
      "min": 0.0,
      "max": 0.8181818181818181,
      "avg": 0.19219454391365814,
      "count": 200
    },
    "rougeL": {
      "min": 0.0,
      "max": 0.8181818181818181,
      "avg": 0.1725913909227429,
      "count": 200
    },
    "meteor": {
      "min": 0.0,
      "max": 0.7142857142857143,
      "avg": 0.11137101854658811,
      "count": 200
    }
  },
  "variant3_fewshot": {
    "bleu1": {
      "min": 0,
      "max": 0.4264014327112209,
      "avg": 0.04420170615108177,
      "count": 200
    },
    "rouge1": {
      "min": 0.0,
      "max": 0.7499999999999999,
      "avg": 0.21511085446178466,
      "count": 200
    },
    "rougeL": {
      "min": 0.0,
      "max": 0.7499999999999999,
      "avg": 0.19114428098637234,
      "count": 200
    },
    "meteor": {
      "min": 0.0,
      "max": 0.625,
      "avg": 0.1362949013604449,
      "count": 200
    }
  },
  "variant3_oneshot": {
    "bleu1": {
      "min": 0,
      "max": 0.5976143046671968,
      "avg": 0.05418871027345412,
      "count": 199
    },
    "rouge1": {
      "min": 0.0,
      "max": 0.7142857142857143,
      "avg": 0.23291564214452534,
      "count": 199
    },
    "rougeL": {
      "min": 0.0,
      "max": 0.7142857142857143,
      "avg": 0.207450478891451,
      "count": 199
    },
    "meteor": {
      "min": 0.0,
      "max": 0.6666666666666666,
      "avg": 0.15573342780728727,
      "count": 199
    }
  },
  "variant3_zeroshot": {
    "bleu1": {
      "min": 0,
      "max": 0.3785581357133378,
      "avg": 0.043090367598623704,
      "count": 200
    },
    "rouge1": {
      "min": 0.0,
      "max": 0.7999999999999999,
      "avg": 0.21126034878429226,
      "count": 200
    },
    "rougeL": {
      "min": 0.0,
      "max": 0.7692307692307692,
      "avg": 0.17834578674322393,
      "count": 200
    },
    "meteor": {
      "min": 0.0,
      "max": 0.6,
      "avg": 0.13397204807074325,
      "count": 200
    }
  }
}